rank,uri,artist_name,peak_rank,previous_rank,weeks_on_chart
1,"spotify:artist:4QvgGvpgzgyUOo8Yp8LDm9","Mrs. GREEN APPLE",1,1,260
2,"spotify:artist:6rs1KAoQnFalSqSU4LTh8g","back number",1,2,260
3,"spotify:artist:4jhJ8cnJ9vYKyCh289nuwQ","M!LK",3,3,48
4,"spotify:artist:1snhtMLeb2DYoMOcVbb8iB","Kenshi Yonezu",2,4,260
5,"spotify:artist:1EowJ1WwkMzkCkRomFhui7","RADWIMPS",3,5,260
6,"spotify:artist:1t17z3vfuc82cxSDMrvryJ","Macaroni Empitsu",6,7,260
7,"spotify:artist:5kVZa4lFUmAQlBogl1fkd6","Aimyon",5,6,260
8,"spotify:artist:2IUl3m1H1EQ7QfNbNWvgru","Vaundy",1,8,260
9,"spotify:artist:6bDWAcdtVR3WHz2xtiIPUi","Fujii Kaze",3,9,260
10,"spotify:artist:5Vo1hnCRmCM6M4thZCInCj","OFFICIAL HIGE DANDISM",1,10,260
11,"spotify:artist:3Nrfpe0tUJi4K4DXYWgMUX","BTS",1,11,260
12,"spotify:artist:1XYuC1vxinTjHCNd5clB8C","ARASHI",1,13,260
13,"spotify:artist:4UK2Lzi6fBfUi9rpDt6cik","Yorushika",4,14,260
14,"spotify:artist:4XFkDALFTsSHVnRtJSsaMN","Number_i",3,12,145
15,"spotify:artist:0UuiWPm9FpWvRuWNrXO98N","Snow Man",7,16,79
16,"spotify:artist:1qma7XhwZotCAucL7NHVLY","Mr.Children",5,21,260
17,"spotify:artist:7lbSsjYACZHn1MSDXPxNF2","Hikaru Utada",6,17,260
18,"spotify:artist:7k73EtZwoPs516ZxE72KsO","ONE OK ROCK",5,18,260
19,"spotify:artist:4wCW8kZ8LL7QIdcE8EOKPP","BE:FIRST",10,15,249
20,"spotify:artist:0hCWVMGGQnRVfDgmhwLIxq","sakanaction",5,19,260
21,"spotify:artist:5kjGRHClVacSyllOUqU1S0","SPITZ",6,20,260
22,"spotify:artist:1j2WhcTW00Zd2SjFYsJVc6","=LOVE",15,22,88
23,"spotify:artist:6wxfx1yhyqjCPYwwxJktR2","King Gnu",2,23,260
24,"spotify:artist:2vjeuQwzSP5ErC1S41gONX","CHANMINA",4,25,260
25,"spotify:artist:7dhueqtbx2NVq1leXyqaNl","SixTONES",6,24,73
26,"spotify:artist:7fmXV2O48buswss04YetaN","HANA",3,26,85
27,"spotify:artist:64tJ2EAv1R6UaZqc4iOCyj","YOASOBI",1,27,260
28,"spotify:artist:79nkC8XZ5ohEVU0Xlf5Ael","SOUTHERN ALL STARS",11,30,260
29,"spotify:artist:4WqXqPmUuenMIr4QaFrZXN","Saucy Dog",2,28,260
30,"spotify:artist:36cgvBn0aadzOijnjjwqMN","ILLIT",23,29,133
31,"spotify:artist:0udR1QMfgT37SQnL1QClTU","chotokkyu",31,32,34
32,"spotify:artist:1nzId6SLDDTUTRV7lNbgxp","King & Prince",14,31,125
33,"spotify:artist:2ZjWbNQAjL74Pf4aqikIz2","Shota Shimizu",22,35,260
34,"spotify:artist:6TDMbiQCWeMClsMr9ORLRK","aiko",25,34,260
35,"spotify:artist:0ixzjrK1wkN2zWBXt3VW3W","Yuuri",2,36,260
36,"spotify:artist:752sVqd0A0Hki7Gd2iOOV6","GNJB",36,37,15
37,"spotify:artist:7JthQ6zwNzfxRfIEjp6wUs","HIRAIDAI",5,39,260
38,"spotify:artist:7HwzlRPa9Ad0I8rK0FPzzK","SEKAI NO OWARI",12,33,260
39,"spotify:artist:1S2S00lgLYLGHWA44qGEUs","Gen Hoshino",14,38,260
40,"spotify:artist:0du5cEVh5yTK9QJze8zA0C","Bruno Mars",13,41,260
41,"spotify:artist:7i9bNUSGORP5MIgrii3cJc","B'z",10,42,260
42,"spotify:artist:1uNFoZAHBGtllmzznpCI3s","Justin Bieber",11,43,260
43,"spotify:artist:2dIgFjalVxs4ThymZ67YCE","Stray Kids",8,40,260
44,"spotify:artist:7n2Ycct7Beij7Dj7meI4X0","TWICE",3,46,260
45,"spotify:artist:0d4XqzcMpgP6eQZ6TIW2pI","My Hair is Bad",22,44,236
46,"spotify:artist:6mEQK9m2krja6X1cfsAjfl","Ado",1,45,260
47,"spotify:artist:6POfB0fHdzXFLWL3RHxLv8","Creep Hyp",25,48,260
48,"spotify:artist:0hSFeqPehe7FtCNWuQ6Bsy","BUMP OF CHICKEN",23,55,260
49,"spotify:artist:4DDoAL8n6ob19r3jOZEbJI","Kana Nishino",7,49,260
50,"spotify:artist:14T8NkbwXVZgbOvwnuGV89","GReeeeN",30,54,260
51,"spotify:artist:0jWCX6zp4RjWrmZRxJ2uri","Novelbright",26,52,260
52,"spotify:artist:06HL4z0CvFAxyc27GXpf02","Taylor Swift",4,47,260
53,"spotify:artist:4jtwvvkDVrBZosFsvbSLXm","EBiDAN (恵比寿学園男子部)",51,53,11
54,"spotify:artist:6sX1XKgDIiAcVZof0SgWUe","Koresawa",38,57,142
55,"spotify:artist:0SMhG4gXGD4gzLMMz08cQU","SUPER BEAVER",41,50,260
56,"spotify:artist:4SpbR6yFEvexJuaBpgAU5p","LE SSERAFIM",11,56,231
57,"spotify:artist:66CXWjxzNUsdJxJ2JdwvnR","Ariana Grande",15,58,260
58,"spotify:artist:3Mvc8kRgr8LRYYgvFmlZqn","Ayumi Hamasaki",58,65,260
59,"spotify:artist:38WbKH6oKAZskBhqDFA8Uj","ZUTOMAYO",19,64,260
60,"spotify:artist:2XjqKvB2Xz9IdyjWPIHaXi","Sheena Ringo",34,59,260
61,"spotify:artist:1SIocsqdEefUTE6XKGUiVS","BABYMONSTER",48,51,130
62,"spotify:artist:6WmXWHmfBMhupyIs8MSqtu","natori",32,67,212
63,"spotify:artist:3BjFX1nExMNHvSaoLd1I1k","Takaya Kawasaki",39,73,260
64,"spotify:artist:4dEHIhldHT2U8CMQ6nNgDT","LANA",42,61,192
65,"spotify:artist:6YVMFz59CuY7ngCxTxjpxE","aespa",12,60,260
66,"spotify:artist:539GTPlYhFLCL6eh4jnbYy","iLiFE!",49,62,61
67,"spotify:artist:0ghlgldX5Dd6720Q3qFyQB","TOMORROW X TOGETHER",12,63,260
68,"spotify:artist:6YqdtpUutxodni6lUD4stM","WANIMA",30,71,260
69,"spotify:artist:0wRzWf3I4lUl9hdFF5uL0m","Sukima Switch",69,78,260
70,"spotify:artist:5Zy2tdfVQKbDwpqWcjXg42","MAZZEL",43,68,51
71,"spotify:artist:2koP6FEfIEVk4l2Fe6jFhu","JO1",15,72,259
72,"spotify:artist:5M8AXrOifBT8elkLKbGPQZ","Superfly",57,81,260
73,"spotify:artist:6zGmypGQUBXD4ZC9EbfMme","EXILE",54,79,260
74,"spotify:artist:4SJ7qRgJYNXB9Yttzs4aSa","Ryokuoushoku Shakai",22,69,260
75,"spotify:artist:2mJOGcLR3aCHkM1uAF93or","DREAMS COME TRUE",35,70,260
76,"spotify:artist:6eUKZXaKkcviH0Ku9w2n3V","Ed Sheeran",16,75,260
77,"spotify:artist:0llYwFIMgF9Jzmp4ZY7wbr","KOBUKURO",72,88,260
78,"spotify:artist:2xfxRiKxoHl5tI0MKyvqV7","&TEAM",47,66,125
79,"spotify:artist:7mvhRvEAHiCTQHUnH7fgnv","Tatsuya Kitani",28,84,212
80,"spotify:artist:3FCZbxRcaSgYfklG2HCFh2","BAD HOP",20,74,206
81,"spotify:artist:0pWR7TsFhvSCnbmHDjWgrE","Creepy Nuts",3,76,260
82,"spotify:artist:0hOOhY33adbUdYjrzJHYlX","SIX LOUNGE",74,77,29
83,"spotify:artist:6VuMaDnrHyPL1p4EHjYLi7","Charlie Puth",38,82,260
84,"spotify:artist:04gDigrS5kc9YWfZHwBETP","Maroon 5",26,87,260
85,"spotify:artist:1ZFfhzyXjPvbzSYPlCIwo3","timelesz",12,103,68
86,"spotify:artist:5jQa0f5MIMPEK7udL7UpI6","PornoGraffitti",44,89,260
87,"spotify:artist:3VVMRDGpbQR2SK9nHX3DW5","yangskinny",42,85,163
88,"spotify:artist:6YIqgghQqnkNne8BKQpW6v","Keisuke Kuwata",34,97,260
89,"spotify:artist:5VxQzcVrakID2E4UxaDPNs","Kvi Baba",79,80,75
90,"spotify:artist:4FyAgiZa3q0eeljDvcOXFh","Ketsumeishi",50,83,260
91,"spotify:artist:5t5FqBwTcgKTaWmfEbwQY9","ENHYPEN",26,90,260
92,"spotify:artist:3fMbdgg4jU18AjLCKBhRSm","Michael Jackson",19,86,24
93,"spotify:artist:5YneEA2nLtAhkD5t2769lZ","Ikimonogakari",66,100,260
94,"spotify:artist:22FsmLO3ZyvgWBy5QbfcQi","ayaka",89,105,180
95,"spotify:artist:4hnHLgMSOiqERWBL4jINP1","BOYNEXTDOOR",62,91,116
96,"spotify:artist:08lN7bm4Etec8ETFxaTUmq","Nogizaka46",20,92,260
97,"spotify:artist:6RHTUrRF63xao58xh9FXYJ","IVE",19,95,253
98,"spotify:artist:6le80R1opKnTlP4o3KvA2k","Uru",39,99,260
99,"spotify:artist:4Kxlr1PRlDKEB0ekOCyHgX","BIGBANG",50,94,260
100,"spotify:artist:0LOK81e9H5lr61HlGGHqwA","XG",22,98,195
101,"spotify:artist:73kxDUq2Hl7Upy4o0yFxXv","INI",52,93,200
102,"spotify:artist:6MGHit7sV38BhpChZYByFv","SHISHAMO",40,96,193
103,"spotify:artist:6n4SsAp5VjvIBg3s9QCcPX","SUDA MASAKI",26,102,260
104,"spotify:artist:71UIOLnsacxQHlU55TvfiH","Da-iCE",21,118,260
105,"spotify:artist:7nqOGRxlXj7N2JYbgNEjYH","SEVENTEEN",11,101,260
106,"spotify:artist:68KmkJeZGfwe1OUaivBa2L","ATEEZ",102,106,24
107,"spotify:artist:26ZBeXl5Gqr3TAv2itmyCU","indigo la End",59,107,204
108,"spotify:artist:58oPVy7oihAEXE0Ott6JOf","Eve",25,145,260
109,"spotify:artist:0ySFZq3Wd0SQUyJUzmJAeb","sumika",47,113,260
110,"spotify:artist:41MozSoPIsD1dJM0CLPjZF","BLACKPINK",10,112,260
111,"spotify:artist:7oQ6zxSp4eQjvVkk9rGIDV","Marcy",36,134,206
112,"spotify:artist:7dZHl3ZmH21XpCwvcMlnml","Every Little Thing",112,144,116
113,"spotify:artist:5V0oa9WaeYkBszHV6ItVD6","Naniwa Danshi",43,111,113
114,"spotify:artist:1Xyo4u8uXC1ZmMpatF05PJ","The Weeknd",31,104,260
115,"spotify:artist:3WwGRA2o4Ux1RRMYaYDh7N","Mariya Takeuchi",66,125,200
116,"spotify:artist:1qM11R4ylJyQiPJ0DffE9z","Lilas",23,109,260
117,"spotify:artist:3uyDATzOGjbGCts7v2eszk","MISIA",57,127,259
118,"spotify:artist:6HvZYsbFfjnjFrWF950C9d","NewJeans",3,117,218
119,"spotify:artist:64BB3FFJokfd3owfpnwxb0","Hey! Say! JUMP",19,114,98
120,"spotify:artist:3PLCOySHJ9zwED5yZvDtPZ","CUTIE STREET",59,110,100
121,"spotify:artist:2hYEEgRuJ4XS4B8y7E75TO","YAO",104,116,4
122,"spotify:artist:3vVDusnDA0LcPH3NvZpoyM","Noriyuki Makihara",76,136,260
123,"spotify:artist:0B1ce3uNrzkdm76NXI4mhX","Tani Yuuki",15,122,255
124,"spotify:artist:5O6t6gb6MeNqzOBAq1oLad","globe",114,126,104
125,"spotify:artist:6Pob63g9NOdT7moTAUZ4GB","ONE N' ONLY",125,131,6
126,"spotify:artist:1HY2Jd0NmPuamShAr6KMms","Lady Gaga",34,119,201
127,"spotify:artist:0Ti7MfCiVVQAK8zLSiqlto","Sakurazaka46",64,128,198
128,"spotify:artist:4AK6F7OLvEQ5QYCBNiQWHq","One Direction",20,129,260
129,"spotify:artist:1ZLU77nRzQIaP23mVSYpCQ","Hearts2Hearts",100,130,38
130,"spotify:artist:1oSPZhvZMIrWW5I41kPkkY","Jimin",18,135,189
131,"spotify:artist:5FGlhIQqewJRV8fx24toG0","Masaharu Fukuyama",79,115,243
132,"spotify:artist:6S8w5rLsEwjN21jQeRES0n","Hitsujibungaku",38,121,174
133,"spotify:artist:0bAsR2unSRpn6BQPEnNlZm","Aimer",6,132,260
134,"spotify:artist:2NKadilSWCwuqGp5QoDeUS","ZARD",76,123,260
135,"spotify:artist:3x621ItlHMtX7mrJ8QnEjM","HY",56,133,183
136,"spotify:artist:5k7KS34gxQbzdQaXWSOVKC","AiNA THE END",46,108,66
137,"spotify:artist:4v5IVXt3oH0iNuxW9O36BV","FRUITS ZIPPER",34,120,126
138,"spotify:artist:4upiYMjsFfLRieGo8RVRzD","ORANGE RANGE",43,124,260
139,"spotify:artist:6HaGTQPmzraVmaVxvz6EUc","Jung Kook",5,139,221
140,"spotify:artist:2ZEOC8FatCSFTFVtt1laOt","Tiji Jojo",89,138,133
141,"spotify:artist:7nzSoJISlVJsn7O0yTeMOB","Joe Hisaishi",74,137,260
142,"spotify:artist:0O0hxUrO2PKxZknken3R24","Suchmos",114,148,44
143,"spotify:artist:1Fe6FA7A57suR2KAaERpqH","¥ellow Bucks",77,143,244
144,"spotify:artist:4C9binD0PqNg8nLD93FQpr","初星学園",99,142,79
145,"spotify:artist:6jTjjAjvYvMYfaqi837p5x","L'Arc-en-Ciel",55,154,260
146,"spotify:artist:1Y5vJqABeI6QI6R95EDV6o","tuki.",26,152,156
147,"spotify:artist:00AFbqxvdDK6T1D6MQZ9c1","GLAY",97,140,260
148,"spotify:artist:3WrFJ7ztbogyGnTHbHJFl2","The Beatles",54,191,257
149,"spotify:artist:7lNFzeAXmSIKexINNgO6bu","YUZU",42,151,260
150,"spotify:artist:0q7KOr99MYmwKxivChxpSd","Ai Otsuka",96,146,72
151,"spotify:artist:3z8diLlUCkN1j9N9ZdnfBJ","NiziU",16,141,260
152,"spotify:artist:1LQQtqc1vQ1neUgZrjYlEU","Yumi Matsutoya",27,150,260
153,"spotify:artist:4Wet9Sqa5LrEjBeV4k6edh","AK-69",101,153,259
154,"spotify:artist:706WzkJEacBrtkHKRpBU2q","Motohiro Hata",97,155,177
155,"spotify:artist:0qC4CNzOUtgdmdVzRqCa1d","STUTS",90,147,91
156,"spotify:artist:29D4iRqjepAsZt6o5hccND","Miliyah",143,159,135
157,"spotify:artist:6m14xgA0m3w92UM7ujJgky","UVERworld",38,149,260
158,"spotify:artist:4FqmqIspLaUGtxAFFLsZxc","NCT WISH",103,156,31
159,"spotify:artist:6M2wZ9GZgrQXHCFfjv46we","Dua Lipa",74,167,219
160,"spotify:artist:28IJpwoVi5R92MtHxkj2Lk","Travis Japan",66,157,137
161,"spotify:artist:1ky9AutfgEv5IsgVnFgA6K","α Healing",140,160,253
162,"spotify:artist:45ft4DyTCEJfQwTBHXpdhM","milet",23,163,260
163,"spotify:artist:6oued35Hkg7GIEXqVfBrQK","WurtS",61,173,260
164,"spotify:artist:6jIhEiXcCAyBsuEI7qZ9vc","Ken Hirai",99,170,198
165,"spotify:artist:0MK8l3nURwwQIjafvXoJJt","ASIAN KUNG-FU GENERATION",95,172,245
166,"spotify:artist:1g51NlHKUXlgfvGP22m0uD","J SOUL BROTHERS III",48,171,226
167,"spotify:artist:7jiFTNRWSw8zYgUj9wNJld","neguse.",52,177,209
168,"spotify:artist:4kpQdAU7yPjqtiJsFcBTBb","Rokudenashi",121,180,137
169,"spotify:artist:01wau5CL3Z1vfJJWkzBkqg","AKB48",73,161,135
170,"spotify:artist:7z8eFxohsIg2Tu5evbNXXo","YZERR",87,178,129
171,"spotify:artist:0pr3ep0knQaPHEZ2X8niA0","BOØWY",112,165,252
172,"spotify:artist:0blbVefuxOGltDBa00dspv","LiSA",19,179,260
173,"spotify:artist:1luOe8HkZQ7zwuaO2wuJqI","[Alexandros]",48,176,260
174,"spotify:artist:4TaSvnT5o4REFwhqfrmK27","imase",38,-1,156
175,"spotify:artist:4GgBKgxhc649frZDHcXIEz","TWS",120,162,65
176,"spotify:artist:1vCWHaC5f2uS3yhpwWbIA6","Avicii",100,164,259
177,"spotify:artist:3E5NLQpQbd0eJ18XO9zC0h","Seiko Matsuda",110,186,245
178,"spotify:artist:0jJmZHZHNe8n24Y33z5Nil","DISH//",26,174,247
179,"spotify:artist:1mWiumgVzg1qWJKIU42Evx","あんさんぶるスターズ！！",101,158,77
180,"spotify:artist:26JbIcCELE7o1nl8pw6Vlg","shytaupe",51,183,45
181,"spotify:artist:0pq3BIPRIccDxXRCzlCePX","Watson",104,175,67
182,"spotify:artist:3c0gDdb9lhnHGFtP4prQpn","KATSEYE",118,166,38
183,"spotify:artist:1jn7KGhS5f79E6efpgukdK","Kohjiya",126,184,24
184,"spotify:artist:5KLvrcsAUwqMOqxErwSJmD","Koji Tamaki",102,194,38
185,"spotify:artist:3KonOYiLsU53m4yT7gNotP","TREASURE",41,185,228
186,"spotify:artist:7gRg6C2qgQ1F01k3sgyEVt","SPYAIR",36,193,96
187,"spotify:artist:4wW9Mak1gx2PnswYDpHmA1","This is LAST",151,182,32
188,"spotify:artist:7n2wHs1TKAczGzO7Dd2rGr","Shawn Mendes",76,181,241
189,"spotify:artist:5ki9pRkPNIXLjuiqG1Jh84","KinKi Kids",17,195,61
190,"spotify:artist:3eVa5w3URK5duf6eyVDbu9","ROSÉ",18,198,73
191,"spotify:artist:2YvlK6lKiKVjXxsjvNbnqg","HOYO-MiX",82,187,105
192,"spotify:artist:70x6gPIjIhWtxjczooKl3p","Shonan No Kaze",121,189,109
193,"spotify:artist:1ebt9HnXdyYA6KgLXr1n4P","CORTIS",125,169,23
194,"spotify:artist:5vV3bFXnN6D6N3Nj4xRvaV","Jin",19,168,104
195,"spotify:artist:7kOrrFIBIBc8uCu2zbxbLv","yama",29,-1,236
196,"spotify:artist:7K3bqkZs0SVUS9K13bnwHL","KEIJU",95,190,96
197,"spotify:artist:3EAqVJtaxnPcWYlHXkHcuC","Anzen Chitai",131,-1,33
198,"spotify:artist:4gzpq5DPGxSnKTe4SA8HAU","Coldplay",31,-1,193
199,"spotify:artist:1Sal7hVz3weo0mvYZPiWHT","ALPHA DRIVE ONE",135,197,9
200,"spotify:artist:2zUQjYvy0TevSi4d3PjqQO","MONGOL800",110,192,126
