rank,uri,artist_names,track_name,source,peak_rank,previous_rank,weeks_on_chart
1,"spotify:track:0DpUQ3mpAGy3bYsEKVy6t5","Banjaare, Roni","Barsaat","Sony Music Entertainment India Pvt. Ltd.",1,1,10
2,"spotify:track:1bMkimTb47umgNP6xCi4A1","Anuv Jain","Arz Kiya Hai | Coke Studio Bharat","Universal Music India Pvt Ltd.",1,2,59
3,"spotify:track:0tW2gwaRzFQQrgr2UCO56G","Hamza Malik, Zain Zohaib","Alfaaz","Chakor",3,10,3
4,"spotify:track:3gixnmepHSsyAuho34rprN","Navjot Ahuja","Khat","EYP Creations",3,4,38
5,"spotify:track:2y8mkajKikV5S1PRCMQ5WL","ARJN, KDS, FIFTY4, Shreya Ghoshal","KALYANI (with Shreya Ghoshal) - Remix","Universal Music India Pvt Ltd.",3,3,14
6,"spotify:track:0RsH8g8DxdYZgdGcod5I36","Banjaare","Bairan","Sony Music India / Brown",1,7,32
7,"spotify:track:6jJHYbJReFfR2ieGzRP5bq","Sai Abhyankkar, Nargis Teji, Asma Teji, Vivek, Sai Smriti","Radhimaa - From ""Think Indie""","Think Music",4,6,7
8,"spotify:track:5vTJrmnmJMAvFjrUpUWxyy","Karan Aujla, Mxrci","Ashke","Karan Aujla Music",8,8,2
9,"spotify:track:0KpdEdrrlqV9X58YAbSsY9","Jyotica Tangri, Shaarib Toshi, Kumaar","Ishq de Fanniyar - Female Version","Zee Music Company",5,5,26
10,"spotify:track:5MCbGWnNLLjoHpbDO3BOgi","Shashwat Sachdev, Arijit Singh, Irshad Kamil, Armaan Khan","Gehra Hua","Saregama India Ltd",1,9,45
11,"spotify:track:0mwAlZqPUWpZJIut93y40W","Gajendra Verma","Mann Mera","Sony Music / EROS Music",5,11,286
12,"spotify:track:5ThyDv6aRVU8AH4vXQNldF","Kushagra, Bharath, Saaheal","Finding Her","EYP Creations",1,13,83
13,"spotify:track:0rk2X5TAhraBC5aCIXK2Rq","Jawad Ahmad, Shaarib Toshi, Arijit Singh, Shreya Ghoshal","Samjhawan","Sony Music Entertainment India Pvt. Ltd.",3,12,268
14,"spotify:track:6G8vN5EUtcDxOXOXadF6kp","Vishal Mishra, Hansika Pareek, Raj Shekhar","Tum Ho Toh (From ""Saiyaara"")","YRF Music",3,16,64
15,"spotify:track:2lo95sXI2RkrXLOYTXpZwe","Siri Xander, Arra Aria Khayal","Pesamale","Sony Music Entertainment India Pvt. Ltd.",15,23,7
16,"spotify:track:1awtp7rf6ajhGY9BgzCHeZ","Mithoon, Arijit Singh, Sunidhi Chauhan, Sayeed Quadri","Darkhaast","T-Series",12,19,45
17,"spotify:track:0eLtIxPRNJfsmehITZ1qaJ","Aditya Rikhari","Sahiba","T-Series",1,17,66
18,"spotify:track:0xlWd9o8yjKpJ02WJy79kZ","Atif Aslam, Shreya Ghoshal, Sachin Gupta, Sameer Anjaan","Tere Liye","Tips Music Limited",7,15,75
19,"spotify:track:0eCajpR75pDW0r64U6hP2x","Anuv Jain","Jo Tum Mere Ho","Universal Music India Pvt. Ltd. (on behalf of Anuv Jain)",1,18,113
20,"spotify:track:3dcSec3fFteTR6QlQ194aI","Anand Bhaskar, Romy, Shreya Ghoshal, Ginny Diwan","Vaaroon Forever - From “Mirzapur The Movie”","Universal Music India Pvt. Ltd. (Excel Music)",10,20,5
21,"spotify:track:0cbmbkbCIg97a0CTt2c0Y0","Yo Yo Honey Singh, Priyanshi Srivastava","Casa Tupka Anthemo","Yo Yo Honey Singh",21,25,2
22,"spotify:track:5uvG5xETXhVkBSr09RBjyC","Mithoon, Pritam, Mustafa Zahid, Sayeed Quadri, Saaj Bhatt, Subodhh Sharma","Tera Mera Rishta - New Version (From ""Awarapan 2"")","Sony Music Entertainment India Pvt. Ltd.",4,21,9
23,"spotify:track:5DM9FesTYD1piLenjk4WBL","Saurav Srisan, Tanisha Gnanavel","Rathinamo - Female Version","Sony Music Entertainment India Pvt. Ltd.",23,63,3
24,"spotify:track:1g6nQTE5x7eLJX7tXCTiSz","KR$NA, Dhanda Nyoliwala","Boom Shaka","Kalamkaar Music Pvt. Ltd.",17,24,21
25,"spotify:track:2Rz2F6KoLH6TtbX4TZ2qcP","Shreya Ghoshal, Farhan Saeed, Kumaar","Tu Thodi Der Aur Thehar Ja - From ""Half Girlfriend""","Zee Music Company",10,22,25
26,"spotify:track:4MU4Kfkd9EnkArK2ocQyqK","Arijit Singh, Harshdeep Kaur","Zaalima","Zee Music Company",21,33,172
27,"spotify:track:0q5e5KtUOhYQujmhLP0pKd","Paresh Pahuja, Shiv Tandan, Meghdeep Bose","Dooron Dooron","Paresh Pahuja",3,31,53
28,"spotify:track:1hlbywc8Jhl1FFqJxAMabE","Faheem Abdullah, Rauhan Malik, Amir Ameer","Ishq","Artiste First",2,26,132
29,"spotify:track:7Csa4PStpuYIfUqNMKQ4V8","The Rish, Jubin Nautiyal","Barbaad (From ""Saiyaara"")","YRF Music",5,35,64
30,"spotify:track:5VCHlKKMHwlZ7aS3b3HKzW","Shashaa Tirupati, Ash King","Baarish","Zee Music Company",14,14,23
31,"spotify:track:5haZbtveqI9v1svcc5IDx6","Jasleen Royal, Badshah, Ansh Chahal","Inaam (Ft. Badshah)","Universal Music India Pvt. Ltd. (Jasleen Royal)",23,38,19
32,"spotify:track:7Imk0IG6S5GA5iYWkjmMW5","Palak Muchhal, Arijit Singh","Chahun Main Ya Naa (From ""Aashiqui 2"")","T-Series",30,32,155
33,"spotify:track:5SSZtFWdrmFV4MxtlRA13N","Tanishk Bagchi, Faheem Abdullah, Arslan Nizami, Irshad Kamil","Saiyaara","YRF Music",1,34,69
34,"spotify:track:1hA697u7e1jX2XM8sWA6Uy","Sachin-Jigar, Arijit Singh, Amitabh Bhattacharya","Apna Bana Le","Zee Music Company",1,39,172
35,"spotify:track:6kYoY0PhBelP64UMnhsEZx","Alka Yagnik, Arijit Singh","Agar Tum Saath Ho (From ""Tamasha"")","T-Series",4,36,384
36,"spotify:track:0wHYuCTWPntEgWiUVED4wB","Noor, Khan, Madhurxo","Aarzu","Universal Music India Pvt Ltd.",18,37,24
37,"spotify:track:1Z3QzpDrOqINSkmJODoGnd","Sadhu Tiwari","Parvati","Times Music",12,28,6
38,"spotify:track:412poAqbwD8OC0dYD1nBkV","Mitta Ror, Swara Verma","Sheesha - Aakhya Mai Aakh Ghali Jo Bairan","Sony Music India / Nine",2,29,38
39,"spotify:track:4yur1GSBfuS1VADyUYocqd","Sai Abhyankkar, Shruti Haasan, Vivek","Pavazha Malli - From ""Think Indie""","Think Music",5,27,31
40,"spotify:track:5bVmOD7UKfP2iLFUGMtdnS","Arijit Singh, Chinmayi","Mast Magan (From ""2 States)","T-Series",28,41,294
41,"spotify:track:6GQK4G5o60E8YA18DGpAzv","Harshit Saxena, Sayeed Quadri","Hale Dil","T-Series",29,42,101
42,"spotify:track:0cYohCh24y1aMjJmcS9RBl","Karan Aujla, Ikky","For A Reason","WM Canada",2,45,59
43,"spotify:track:5PetOhEX9N0oyBB0Keqobv","Faheem Abdullah, Duha Shah, Vaibhav Pani, Hyder Dar","Ehsaas","Universal Music India Pvt Ltd.",12,55,66
44,"spotify:track:2cPUB8EOT6AfJ8oxhyoNXL","Pritam, Javed Bashir, Rajat Arora","Ye Tune Kya Kiya","T-Series",9,40,138
45,"spotify:track:7HuuShTJs1tf6rFLDElyik","Akhil Sachdeva","O Sanam","FanTiger",28,46,17
46,"spotify:track:3ExgWVPWOQts9RVBkqpdic","Karan Aujla, Ikky","Boyfriend","WM Canada",9,48,59
47,"spotify:track:7aE1lfskJLMHQnzCCP1zsV","Akhil Sachdeva, Mansheel Gujral","Humsafar (From ""Badrinath Ki Dulhania"")","T-Series",34,52,142
48,"spotify:track:2wybTm9sMnaT1mI0gO0X2t","Anirudh Ravichander, Singer Prabha, Jangi Reddy, Kasarla Shyam","Yeshanagula","Saregama India Ltd",18,30,6
49,"spotify:track:4ROldgaRDDAI2VP8rWkjat","Aneesh, Sarkar, Hruday","Udi Udi","Mass Appeal",12,47,20
50,"spotify:track:6WlARP6h4CDVOcY386wW0W","Arijit Singh, Sachin-Jigar, Amitabh Bhattacharya","Sitaare (From ""Ikkis"")","Sony Music Entertainment India Pvt. Ltd.",8,50,44
51,"spotify:track:0qheD9ZwdmVKu5ktHXFbb0","Madhur Sharma, Moin, ER","Andaaz e Karam","Universal Music India Pvt Ltd.",51,56,47
52,"spotify:track:4XTgFBxBHN6var1BzAgE1m","Maanu, Annural Khalid","Jhol","Giraffe Music",1,51,37
53,"spotify:track:6H7fLdt0AeWpuxUKXuXWrx","Hariharan, Lalit Sen, Chander","Shree Hanuman Chalisa","T-Series",31,66,217
54,"spotify:track:0R7grQWU1dRxiOQGIqZm0Z","Shashwat Sachdev, Madhubanti Bagchi, Jasmine Sandlas","Shararat","Saregama India Ltd",7,58,44
55,"spotify:track:2iNqdCchlUZEgjJbQyZf8T","Kailash Kher, Paresh Kamath, Naresh Kamath","Teri Deewani","Sony Music Entertainment India Pvt. Ltd.",28,72,114
56,"spotify:track:0OGCIlWSbpGq1u99jfglFI","Sai Abhyankkar, Tippu, Mohit Chauhan, Vivek","Nallaru Po","Think Music",35,49,18
57,"spotify:track:7eQl3Yqv35ioqUfveKHitE","Pritam, Mohit Chauhan, Irshad Kamil","Tum Se Hi","T-Series",12,70,342
58,"spotify:track:1As2Jo89VTF9V3D6GuOPr9","Gajendra Verma","Mann Mera - Original Version","Sony Music / EROS Music",20,81,67
59,"spotify:track:0lp3WWhjxFVUht81AQmWX8","Sheheryar Rehan, Zoha Waseem","Majboor","Chakor",3,83,26
60,"spotify:track:7LfIX3DCzl3AtGJWlCKOKK","Arijit Singh","Tum Hi Ho (From ""Aashiqui 2)","T-Series",26,59,297
61,"spotify:track:7xt1AuUbQBZC4yvxxm4nAI","Miss Pooja, Millind Gaba","Sohnea","Times Music",61,86,4
62,"spotify:track:0JiGoqPHbvK65rBHadXYoB","Sai Abhyankkar, Rokesh","Alaakaa Loova (From ""OM Chapter 1: Udhiram - The Blood Wood"") [Tamil]","Divo Tv Private Limited",48,53,10
63,"spotify:track:4eFnk661RcdOuH9ajiTO3j","Mohammed Irfan, Mithoon","Banjaara","T-Series",63,73,83
64,"spotify:track:6FjbAnaPRPwiP3sciEYctO","Pritam, Arijit Singh","Raabta","T-Series",33,76,208
65,"spotify:track:0kYBzFJ5a2Jozi6cI4y9Bp","Jeet Gannguli, Mustafa Zahid, Sayeed Quadri","Jo Tere Sang","Sony Music Entertainment India Pvt. Ltd.",22,71,75
66,"spotify:track:0zQfcBB4obvYUrUNITmyyf","Palak Muchhal, Manoj Yadav, Arijit Singh","Teri Meri Kahaani","Zee Music Company",50,80,23
67,"spotify:track:1fkjRQA8wXPPyxqYLbxuqy","Vishal-Shekhar, Sanam Puri, Shipra Goyal","Ishq Bulaava","Sony Music Entertainment India Pvt. Ltd.",27,69,77
68,"spotify:track:4vHRQnzGcKEtqsLH70tAms","Sachet-Parampara, Parampara Tandon, Kausar Munir","Raanjhan (From ""Do Patti"")","T-Series",1,54,103
69,"spotify:track:6xwKNAUHeo2DbWNAPi8aEy","Shashwat Sachdev, Jasmine Sandlas, Satinder Sartaaj","Jaiye Sajana","T-Series",2,67,29
70,"spotify:track:4iFPsNzNV7V9KJgcOX7TEO","Pritam, Atif Aslam","Tu Jaane Na","Tips Music Limited",48,77,262
71,"spotify:track:1y1rQTkWmrZdJmjwuK07GC","Vishal Mishra, Manoj Muntashir","Kaise Hua (From ""Kabir Singh"")","T-Series",5,62,382
72,"spotify:track:5IMWu5fFXo35nJaB3VLG3E","Jasmine Sandlas, Mofusion","LAAVAN","Jasmine Sandlas & Mofusion",41,88,20
73,"spotify:track:7BFjTmlBWID1KyN3XagG9w","Dhanda Nyoliwala","Do Numbari - From “Mirzapur The Movie”","Universal Music India Pvt. Ltd. (Excel Music)",42,57,5
74,"spotify:track:4sgYmcu4FKb1ZC6qBlxMiw","Anand Bhaskar, Romy, Ginny Diwan","Vaaroon","Zee Music Company",44,44,66
75,"spotify:track:5lKE040hUfDAKOR8HLG92p","Sachin-Jigar, Atif Aslam","Jeena Jeena","Sony Music Entertainment India Pvt. Ltd. / EROS Music",24,82,264
76,"spotify:track:23T4WcVkvuaAEOgXr848i1","Pritam, Mustafa Zahid, Sayeed Quadri","Tera Mera Rishta - Original Version","Sony Music / Vishesh Films",12,64,44
77,"spotify:track:6bbJpVAKx6JPAKaMFmaxvC","Anirudh Ravichander","Raga of Revenge","Sun Pictures",10,60,21
78,"spotify:track:4FeczSomVWVyU4FW7xDeAI","A.R. Rahman, Chinmayi, Murtuza Khan, Qadir Khan","Tere Bina","Sony Music Entertainment India Pvt. Ltd.",8,61,112
79,"spotify:track:3Hp5UfErvtHw0SlkRPHkf9","Jxggi, Dishant, Sickboi","IYKYK","Jxggi - Elevated Records",79,105,6
80,"spotify:track:4bIQXffbALkCC0Xo6aTicP","Shaarib Toshi, Toshi Sabri, Sayeed Quadri","Maahi","Sony Music Entertainment India Pvt. Ltd.",54,91,73
81,"spotify:track:7jJrc6E0k6AtmPRAOc8caH","Sai Abhyankkar, Vangal Pulla Vicky, Thamizh Aadhavan, KK Nagar Gana Jeeva","Ooroda Oththa Don","Think Music",81,158,2
82,"spotify:track:3QcmWYoVYXbV1gTKP5rK9v","Anirudh Ravichander, Jangi Reddy, Arjun Chandy, Kasarla Shyam","Aaya Sher","Saregama India Ltd",8,43,28
83,"spotify:track:5zcfnScTSFGCHGY1yeXWke","Vishal-Shekhar, Kamal Khan","Ishq Sufiyana (Male)","T-Series",46,99,97
84,"spotify:track:2IEhtVeM9TVql8fZdKdlo9","Atif Aslam, Chinmayi, Pritam","Main Rang Sharbaton Ka","Tips Music Limited",73,111,106
85,"spotify:track:0loZn1c5heXie7OAtvK6nH","Jubin Nautiyal, Rocky - Shiv, Manoj Muntashir, Rocky Khanna","Humnava Mere","T-Series",66,85,177
86,"spotify:track:7MXVkk9YMctZqd1Srtv4MB","The Weeknd, Daft Punk","Starboy","The Weeknd/Lyric",12,102,271
87,"spotify:track:0febwTwLDSZzrt46i1RBF5","Zeeshan Ali, Yuvraj Tung, Sandeep Aulakh, Honey Dhillon","Ishqa Ve","OpenMic Studios",17,98,46
88,"spotify:track:4Tkb7zsDmsawB7S5TpKQV1","Atif Aslam, Shiraz Uppal, Shakeel Sohail","Pehli Dafa","T-Series",40,114,153
89,"spotify:track:7AAap8D4C4pTyNoMkM9vjG","Shankar-Ehsaan-Loy, Diljit Dosanjh","Ishq Di Baajiyaan","Sony Music Entertainment India Pvt. Ltd.",60,110,111
90,"spotify:track:6p358EIjLEoDZI5vu99k6N","Sachin-Jigar, Atif Aslam, Shalmali Kholgade, Priya Saraiya","Tera Naam Doon (From ""Entertainment"")","Tips Music Limited",34,75,6
91,"spotify:track:0dLbrlAVPPjpPqnYfmJsWk","Pritam, Atif Aslam, Alisha Chinai","Tera Hone Laga Hoon","Tips Music Limited",30,106,282
92,"spotify:track:7kvLAPEnEPlSbhZDlHFv0p","Amit Trivedi, Arijit Singh","Yeh Fitoor Mera","Zee Music Company",69,119,23
93,"spotify:track:3t3wsY5IdLVzB9WidegJSU","Sachin-Jigar, Atif Aslam, Shreya Ghoshal","Jeene Laga Hoon","Tips Music Limited",28,84,109
94,"spotify:track:1W8MIxJT69pJTJpAbmIBGM","Anirudh Ravichander, Heisenberg","Hangova","Sun Pictures",18,65,9
95,"spotify:track:5a2Hoi1wuhCA6Ob7pbOlpW","Divya Kumar, Priya Saraiya","Sun Saathiya","Zee Music Company",90,92,71
96,"spotify:track:04y4IqZt14y7k7pXYE19Zy","Atif Aslam, Sunidhi Chauhan, Pritam","Be Intehaan","Tips Music Limited",73,95,19
97,"spotify:track:610keNiNVTIkYD0CqeSerg","Cheema Y, Gur Sidhu","California Love","Brown Town Music",27,90,127
98,"spotify:track:5hR2s2JMTPeeorKuezGexs","Jakes Bejoy, Sid Sriram, Mohammed Maqbool Mansoor, Muthu","Asalayavale","Sony Music Entertainment India Pvt. Ltd.",72,100,9
99,"spotify:track:2b2HutIDmoeBnnKRWDLAtV","Mohammed Irfan, Arijit Singh, Saim Bhat, Mithoon, Sayeed Quadri","Phir Mohabbat","T-Series",75,94,90
100,"spotify:track:0Wm64vrNZTUxpo762vW1Ck","Badshah, Hiten, Sharvi Yadav","Banger","Universal Music India Pvt. Ltd. (Pentertainment 0075)",87,87,2
101,"spotify:track:1GnZH0wek1fkGCQnUsK6D0","Asim Azhar, Noor, Khan, Madhurxo","Aarzu (with Asim Azhar)","Asim Azhar",22,89,17
102,"spotify:track:678JJ0TF3KFkzw6bIFKcew","Sachin-Jigar, Arijit Singh, Priya Saraiya","Haareya (From ""Meri Pyaari Bindu "")","YRF Music",49,116,19
103,"spotify:track:45PA9lW7U5LYnlpGrdTyHY","Jasleen Royal, Ujjwal Kashyap, Neeraj Rajawat","Sang Rahiyo","Warner Music India",19,121,135
104,"spotify:track:0FBQ4NrrHUbR9kus7rzrOj","Atif Aslam","Dil Diyan Gallan","YRF Music",29,140,345
105,"spotify:track:5J9L7IbadCt0ivs9xmNrr0","Zain Zohaib","Ranjheya Ve","Zain Zohaib",20,118,85
106,"spotify:track:0F4P3fPrGsG46DLIapzBhx","Krish Rao","Tough","Universal Music India Pvt Ltd.",91,93,5
107,"spotify:track:0OLTYqD8FpjkLsxJmdWmgi","Sachet-Parampara, Sachet Tandon, Parampara Tandon, Irshad Kamil, Prashant Pandey","Humsafar (From ""Saiyaara"")","YRF Music",6,97,64
108,"spotify:track:0Dt5EqEckM8jcfMYEdlx2Z","Aksomaniac, M.H.R, Bhumi, Circle Tone","Amsham - അംശം","Universal Music India Pvt Ltd.",37,104,25
109,"spotify:track:09Z6o1yu596HJAwWZxTz4m","Dhibu Ninan Thomas, Anirudh Ravichander, Arunraja Kamaraj","Othaiyadi Pathayila","Sony Music Entertainment India Pvt. Ltd.",68,79,32
110,"spotify:track:6zfKeRGBzsk6EnJnpoDd6I","Vishal-Shekhar, Sanam Puri, Neeti Mohan","Fakira","Zee Music Company",76,120,34
111,"spotify:track:0TL0LFcwIBF5eX7arDIKxY","Anuv Jain","Husn","Universal Music India Pvt. Ltd. (on behalf of Anuv Jain)",1,107,149
112,"spotify:track:664I8QIKG0n14vGbRSrGYj","Kishore Kumar","Pal Pal Dil Ke Paas - From ""Blackmail""","Universal Music India Pvt Ltd.",50,124,66
113,"spotify:track:7FwYs4qSJCJi2Hd6ZV8Q3M","Sohail Sen, Altamash Faridi","Aashiq Tera","Sony Music Entertainment India Pvt. Ltd. / EROS Music",23,112,83
114,"spotify:track:5OMUXgfXsSukZ0zxelpC3b","A.R. Rahman, Jaswinder Singh, Shiraz Uppal","Raanjhanaa (From ""Raanjhanaa"")","Sony Music Entertainment India Pvt. Ltd.",50,113,112
115,"spotify:track:37AGZMVr5V8mEMcCmGHroZ","Kailash Kher, Paresh Kamath, Naresh Kamath","Saiyyan","Sony Music Entertainment India Pvt. Ltd.",54,123,145
116,"spotify:track:3fky26FqPkMmTyg8wXJXp0","Karan Aujla, Mxrci","Straight Up","Karan Aujla Music",68,68,2
117,"spotify:track:4x4yd51V2SFlaZJXCuT05R","Sunidhi Chauhan, Manoj Muntashir","Lae Dooba","Zee Music Company",79,129,31
118,"spotify:track:4BTPzhEsyW3blWcxcuhLM0","Shankar-Ehsaan-Loy, Shankar Mahadevan, Caralisa Monteiro, Shafqat Amanat Ali","Mitwa","Sony Music Entertainment India Pvt. Ltd.",57,122,111
119,"spotify:track:3zH1P7gc5petyL0sYCF67K","Anu Malik, Amir Jamal","Kaho Na Kaho","Sony Music / Vishesh Films",59,96,25
120,"spotify:track:2mrFZyyfPr5hFUoeJD8GqZ","Anirudh Ravichander, Arunraja Kamaraj","Ala Bolelo","Sun Pictures",120,194,3
121,"spotify:track:3Kl8p2PxVf8eAayLwTxOIm","Pritam, KK, Sayeed Quadri","Dil Ibaadat","Sony Music Entertainment India Pvt. Ltd.",54,134,86
122,"spotify:track:47RTQoh3pzjhWLUMllNRRJ","A.R. Rahman, Irshad Kamil","Deewaana Deewaana","T-Series",19,101,36
123,"spotify:track:1feANd8EfcDP5UqSvbheM3","Sachet Tandon, Sachet-Parampara","Bekhayali (From ""Kabir Singh"")","T-Series",1,132,306
124,"spotify:track:2dDHtDrDaxTB7QR6EoCSne","Sachin-Jigar, Shreya Ghoshal, Tochi Raina","Saibo","Sony Music Entertainment India Pvt. Ltd.",22,127,310
125,"spotify:track:3jgrKsdy9QzYMNqLG72OCH","Kala Dighal, Jaizeey, D Naveen, Shiva Choudhary","80 Lakh (feat. Sweta Chauhan, Kala Dighal)","Dhun Haryana",125,149,4
126,"spotify:track:05REArTDZQd59A9Y4XC0Aq","Mustafa Zahid","Maine Khud Ko","T-Series",114,139,4
127,"spotify:track:4zJubmn8R2hYZuhR0CGBIr","Bintu Pabra, Shiva Choudhary, Sihag Muzik","Kabze","Pellet Drum Productions",109,125,12
128,"spotify:track:2eqUVYJVnlDs8PgOtuOlJm","Jind Universe","High On You","Sony Music India / Nine",22,103,66
129,"spotify:track:3K3mo4LoxPKk18oqIC3hQC","Satinder Sartaaj","Udaarian","Saga Music",79,136,36
130,"spotify:track:4ZWoJ4tRi74mHHnItB3k9h","Kunwarr","Piche Tere","Times Music",94,131,36
131,"spotify:track:2Fv2injs4qAm8mJBGaxVKU","Arijit Singh, Mithoon","Tujhe Kitna Chahne Lage (From ""Kabir Singh"")","T-Series",2,157,384
132,"spotify:track:55TlMMnPJTk9Qq6CrqB6dx","Arijit Singh, Antara Mitra","Itni Si Baat Hain (From ""Azhar"")","T-Series",42,177,104
133,"spotify:track:2Z6HgNji9cNlFLNORw6wDQ","Akhil Sachdeva, Mansheel Gujral","Channa Ve - From ""Bhoot - Part One: The Haunted Ship""","Zee Music Company",33,152,115
134,"spotify:track:1dFrZr9eMUsFqeag04ClqD","Dhanda Nyoliwala","Russian Bandana","Universal Music India Pvt Ltd.",6,155,96
135,"spotify:track:6u1DxxgF1evEXDD4U95L6V","Sumedha Karmahe, Atif Aslam","Toota Jo Kabhi Tara","Zee Music Company",88,142,37
136,"spotify:track:32765xcLM1fd6wQIpkN9A0","Ami Mishra, Kunaal Vermaa","Hasi - Male Version","Sony Music Entertainment India Pvt. Ltd.",59,128,171
137,"spotify:track:1GFQthxDi4Tqe3wJ5j0G5S","Mithoon, Arijit Singh","Dhun (From ""Saiyaara"")","YRF Music",3,130,64
138,"spotify:track:4pCXTYAPgdzMTCsDdDwjy3","Sai Abhyankkar, Paal Dabba, Bhumi, Deepthi Suresh","Oorum Blood","Think Music",5,74,58
139,"spotify:track:3OLFqbd9ZeVjaUKTiaLsD6","Pritam, Javed Ali, Irshan Ashraf, Shadab, Sayeed Quadri","Tu Hi Haqeeqat","Sony Music Entertainment India Pvt. Ltd.",85,138,53
140,"spotify:track:7m4CgL81VVIHaaiSxyH922","Yo Yo Honey Singh","Desi Kalakaar","T-Series",13,197,101
141,"spotify:track:3bZPdEskcnMdepwCaDSJRl","Vishal-Shekhar, Shafqat Amanat Ali, Sunidhi Chauhan","Bin Tere","Sony Music Entertainment India Pvt. Ltd.",105,-1,44
142,"spotify:track:2Uyj6K6mSaFTZsPvov415i","ARJN, KDS, FIFTY4, RONN","KALYANI","Universal Music India Pvt Ltd.",21,126,45
143,"spotify:track:0biCSADTAblvLTLtJz4pXO","Vishal-Shekhar, Arijit Singh, Caralisa Monteiro, Jaideep Sahni","Nashe Si Chadh Gayi","YRF Music",133,148,64
144,"spotify:track:6pP4YH81WuWHvAwyRvAu8Y","KK","Ajab Si (From ""Om Shanti Om"")","T-Series",19,133,246
145,"spotify:track:5JCDVLwteSXuwVqjCa7SwH","Shankar-Ehsaan-Loy, Shreya Ghoshal, Javed Bashir, Yusuf Mohammed, Vajid Ali","O Rangrez","Sony Music Entertainment India Pvt. Ltd.",47,189,85
146,"spotify:track:3zoM4v1qTX94ZqfPYRReJh","Navaan Sandhu, Dhanda Nyoliwala, Sanya Dandona, RXTRO","Kath Lagda","Universal Music India Pvt Ltd.",30,115,17
147,"spotify:track:1d5lpW3gUyq537iuyrb9Lf","Aditya Rikhari","Samjho Na","CollabX Productions",16,143,181
148,"spotify:track:0otC5nlgJZ27Q38AA8z6zj","Sai Abhyankkar, V.M. Mahalingam, Pa. Vijay","Karuppa Kooda Va","Think Music",56,117,21
149,"spotify:track:6mTvwBzWTGDOVeCNQEqtOE","Amaal Mallik, Arijit Singh, Tulsi Kumar","Soch Na Sake","T-Series",46,135,169
150,"spotify:track:5PvwPy5eRO8BPwpRzCHK3D","Ankit Tiwari, Sandeep Nath","Sunn Raha Hai","T-Series",105,137,50
151,"spotify:track:4DUnlYjsW1anjSiyfUTo5j","Sai Abhyankkar, Harini, Karthik Netha","Magale","Think Music",151,-1,1
152,"spotify:track:3JiLQJmVW7d4O8AQDFB3oj","AP Dhillon, Shreya Ghoshal","Thodi Si Daaru","AP Dhillon",3,198,62
153,"spotify:track:3C0nOe05EIt1390bVABLyN","Jennifer Lopez, Pitbull","On The Floor","Nuyorican Productions / IDJ",42,156,20
154,"spotify:track:0l6g8Z8mqGbGXFOjigYetD","Pritam, Arijit Singh","Hawayein","Sony Music Entertainment India Pvt. Ltd.",51,-1,243
155,"spotify:track:1CVqr5LImdmJ1Upt4z08Pm","Pritam, Shafqat Amanat Ali, Sayeed Quadri","Tu Hi Mera","Sony Music Entertainment India Pvt. Ltd.",82,171,64
156,"spotify:track:5ZGtdGwdocDZDniXHkmnVA","Arijit Singh","Humdard (From ""Ek Villain"")","T-Series",15,181,325
157,"spotify:track:5nEmHo7MLWWfiE3LR6XP8S","Arko","Nazm Nazm","Zee Music Company",79,163,81
158,"spotify:track:08GYLNhKthS3arMdXsveRI","Talwiinder, NDS, Rippy Grewal","Haseen","Talwiinder",2,160,71
159,"spotify:track:0NXnuTqFQHDsbEIoKIAVCN","Josh Brar, Kinza Hashmi","Tere Bina Na Guzara E","Times Music – Speed Records",19,150,91
160,"spotify:track:7so0lgd0zP2Sbgs2d7a1SZ","Lady Gaga, Bruno Mars","Die With A Smile","Interscope Records",4,146,106
161,"spotify:track:4VzONhg2UBxyzcmOi1NFHJ","Jordan Sandhu, Gur Sidhu, Kaptaan","Banda Bamb","Warner Music India",147,167,4
162,"spotify:track:1rEVydQSe04NJUqyyEyeEq","Pritam, Akhtar Chinnal","Afghan Jalebi (Film Version)","T-Series",114,191,20
163,"spotify:track:6ORXOkZHO36TUYqYxncbUA","Pradeep Solanki, Heena, Virat","Bairi","PindPOP Music Group",13,141,31
164,"spotify:track:6tFOIy09JZJqwPXck71b21","Harsh Nussi","Sadi Sun","PlayDMF",27,166,18
165,"spotify:track:51Ggv32i87ei9RYT0mkcVY","Bayaan, Sherazam","Safar","Bayaan",76,-1,14
166,"spotify:track:1UWacd8x8tPPwmrPB1MoBI","Pritam, Arijit Singh","Ae Dil Hai Mushkil Title Track","Sony Music Entertainment India Pvt. Ltd.",66,185,334
167,"spotify:track:2jw1vFPJnVSjywctRTpVeO","Roop Kumar Rathod, Mithoon, Naresh Sharma, Atif Aslam","Woh Lamhe Woh Baatein","Sony Music Entertainment India Pvt. Ltd.",77,147,36
168,"spotify:track:4SXR1KNH6CTKxhyDXLoImC","ADDI KALYAN","Warning","Gem Tunes",109,170,5
169,"spotify:track:2iphEAAh75lgFRk1DnPJqT","Atif Aslam, Jyotica Tangri","O Meri Laila","Zee Music Company",16,165,97
170,"spotify:track:0fU73va0bnroitbOzudBU4","Himesh Reshammiya, Arijit Singh","Tera Chehra","Sony Music Entertainment India Pvt. Ltd. / EROS Music",3,161,88
171,"spotify:track:7G5wpuR61ABrT7R1snos7C","Pritam, Arijit Singh","Kalank - Title Track","Zee Music Company",5,183,322
172,"spotify:track:3B4etxytImrRKQgV3XHjnR","Katy Perry","Harleys In Hawaii","Capitol Records",32,173,96
173,"spotify:track:7CyPwkp0oE8Ro9Dd5CUDjW","The Weeknd, JENNIE, Lily-Rose Depp","One Of The Girls (with JENNIE, Lily Rose Depp)","XO / Republic Records",98,-1,86
174,"spotify:track:0EwRpK9wY6lHfcJSt82w4x","Amit Trivedi, Arijit Singh","Aaj Se Teri","Zee Music Company",114,159,40
175,"spotify:track:5npFBWhVs3VVlc0nY5xQMA","Sachin-Jigar, Arijit Singh","Tainu Khabar Nahi - From ""Munjya""","Zee Music Company",17,-1,117
176,"spotify:track:3ySVdXje5nm31d7vL3jNV3","Ankit Tiwari, Manoj Muntashir","Galliyan","T-Series",153,182,21
177,"spotify:track:6egfWbtFFhMToV2DvmEzmo","Bunny, Hunny, Sagar","Tu Hain Toh (From ""Mr. And Mrs. Mahi"")","Sony Music Entertainment India Pvt. Ltd.",8,193,76
178,"spotify:track:2nnDPEbNxnBKq5RG6sObTg","Shashwat Sachdev, Afsana Khan, Irshad Kamil, Reble","Naal Nachna","Saregama India Ltd",24,188,43
179,"spotify:track:79hQvdTHNBkq2fp2ZrM8b2","Javed-Mohsin, Arijit Singh, Shreya Ghoshal, Kunaal Vermaa, Prashant Ingole","Pal","Sony Music Entertainment India Pvt. Ltd.",34,145,371
180,"spotify:track:0gPgdRfB4jdGrlyXS0Vx78","Vishal-Shekhar, KK, Shilpa Rao, Anvita Dutt Guptan","Khuda Jaane","YRF Music",29,199,207
181,"spotify:track:2YbKtL9lJBzrjFo4Krld7R","Jal, Mithoon, Atif Aslam","Aadat","Sony Music / Vishesh Films",105,164,29
182,"spotify:track:0hFkx6EoIRvNmEVXQIIJtk","Aditya Rikhari","Paaro","Universal Music India Pvt Ltd.",25,172,82
183,"spotify:track:4EellE2v4gDuZaHVIMiZKO","Dhanda Nyoliwala, Ron Likhari, Miki Malang","Maruti","Universal Music India Pvt Ltd.",90,154,15
184,"spotify:track:6M6Jgms4Z3x5xYLbnMk5TU","Vikram Sarkar","Naam Chale","All Good Music Pvt Ltd",5,-1,54
185,"spotify:track:3eYaxbCWJ9gj4OqGVekwgm","Anirudh Ravichander, Super Subu","One Name","Sun Pictures",185,-1,1
186,"spotify:track:1wnozUBSe7OMpmZiTPJC5j","A.R. Rahman, Javed Ali, KIRTI SAGATHIA, Pooja AV","Tum Tak (From ""Raanjhanaa"")","Sony Music Entertainment India Pvt. Ltd.",70,-1,86
187,"spotify:track:3WLJ7D5kh44K5eJ1NqZQ6W","Anuv Jain","Baarishein","Universal Music India Pvt. Ltd. (on behalf of Anuv Jain)",16,-1,280
188,"spotify:track:0JOAMHwHFGKbPOwfM26fL7","Cheema Y, Gur Sidhu","Jackpot","Brown Town Music",36,151,20
189,"spotify:track:7BCp5hEiiDSmXsxsXkvYff","Amit Trivedi, Arijit Singh, Nikhita Gandhi","Qaafirana","Zee Music Company",40,-1,195
190,"spotify:track:5ZLkihi6DVsHwDL3B8ym1t","Shubh","One Love","SHUBH",3,162,163
191,"spotify:track:4d2jV5fmX6hbRwaRbY39dt","Karan Aujla, Jay Trak","Wavy","Karan Aujla Music",4,-1,88
192,"spotify:track:2tva3nN2kQhBjHMC7Zlty6","Javed Ali","Deewana Kar Raha Hai","T-Series",86,192,47
193,"spotify:track:21IYMdzTrzSe191Cy5eMap","Gigi Perez","Sailor Song","Outtahere, LLC / Island Records",141,176,22
194,"spotify:track:0PKLIjYe9K78lky2LxUz2P","Garvit - Priyansh, Priyansh Srivastava, Jonita Gandhi, Garvit Soni, Aniket Shukla","Kaafi Hai Na (From ""Musafir Cafe"")","T-Series",182,-1,4
195,"spotify:track:6FA6lEbtWNxknRtaok2Ua4","Karan Aujla, Mxrci","Aujla Szn","Karan Aujla Music",78,78,2
196,"spotify:track:5jOHD4c6UayVZn9Xm7IvyO","Mohit Chauhan","Rabba","T-Series",192,-1,2
197,"spotify:track:5WncH5iZ5GFlnXm7jKEXVP","Pritam, KK, Sayeed Quadri","Labon Ko","T-Series",85,-1,48
198,"spotify:track:75OSVIdR2KPpEmViMt8MX2","Afusic, Talwiinder, AliSoomroMusic","Pal Pal (with Talwiinder)","Afusic",21,-1,6
199,"spotify:track:18YHbIhrleUkKKj2DvEp79","Pritam, KK, Sayeed Quadri","Zara Sa","Sony Music Entertainment India Pvt. Ltd.",33,196,188
200,"spotify:track:45Gi7lLR8VI4hFyPeJpxH3","Satinder Sartaaj","Guzarish","T-Series",200,-1,1
