rank,uri,artist_names,track_name,source,peak_rank,previous_rank,weeks_on_chart,streams
1,"spotify:track:4URIs3gEDgakPiGq8bhe1G","Giorgos Mazonakis","Ores Mikres","Minos - EMI SA",1,1,89,"45897"
2,"spotify:track:62sRtKxGqaK0Nxy4LlWO47","Giorgos Mazonakis","Inopnevma Ftino","Minos - EMI SA",2,2,75,"27777"
3,"spotify:track:2LC4MTEaG75Gz4HDT568C2","Giorgos Mazonakis","Aniko Se Mena","Sony Music Entertainment Greece",3,3,5,"25619"
4,"spotify:track:1ANPH4P1vGm6ACBtlXjMXv","Giorgos Mazonakis","Agapo Simeni","Minos - EMI SA",4,4,48,"24644"
5,"spotify:track:4rXI3GKWppbWrlBckmSkFR","Saske","ORES","OffBeat Records",1,10,8,"23015"
6,"spotify:track:03W4etIBU1AlHxKEAdQkrO","Giorgos Mazonakis","Lipi Pali O Theos","Heaven Music",5,5,5,"21875"
7,"spotify:track:33RFyLDmblI628Ny8qP8uq","Giorgos Mazonakis","Tesseris Pige","Heaven Music",5,8,10,"21434"
8,"spotify:track:3yKWUJSbDaJrgJWSu0ebAs","Giorgos Mazonakis","Diskola Feggaria","Heaven Music",7,7,6,"20734"
9,"spotify:track:0j7zV0njYYnzBGSZHcFCib","Giorgos Mazonakis","Savvato","Heaven Music",9,9,5,"20655"
10,"spotify:track:4zELnzUP8uL9fNVRKmVoqW","Giorgos Mazonakis","Apopse Tha Se Oneireuto","Heaven Music",6,6,5,"19088"
11,"spotify:track:4k4vVNDi90EXY62xvQLnq0","Giorgos Mazonakis","Na Pernas","Panik Records, by Yellowcake Music Group",8,11,12,"17620"
12,"spotify:track:3DqnrR1bD21LufNyXJLIsz","TOQUEL, Bloody Hawk, Beyond","GEITONIA KAI TILEFONO","Minos - EMI SA Distribution Deals",4,22,14,"17423"
13,"spotify:track:4oMBRSkdtjd5lZHi4zYvkp","Giorgos Mazonakis","Ena Thavma","Minos - EMI SA",11,16,13,"16933"
14,"spotify:track:0dMasOoYB6bpcu35QpScjc","Anna Vissi","Kontra","Columbia",6,15,75,"16911"
15,"spotify:track:0BpWJbKD6OmAXO9tEpcJm0","Sadam, Dof Twogee","Metallo","Minos - EMI SA Distribution Deals",15,18,5,"16253"
16,"spotify:track:1POfjcYxV9wQOErI1F8pkm","Light, RACK","Katsiki","Minos - EMI SA Distribution Deals",4,25,15,"16088"
17,"spotify:track:4cFR2teyX5ruLaIsC1InGw","Goin' Through, Giorgos Mazonakis","Thelo Na Gyriso (feat. Giorgos Mazonakis)","Sony Music Entertainment Greece",14,14,4,"16037"
18,"spotify:track:1V01boZorT3QjQEa0xVUnT","Light","Pablona","Minos - EMI SA Distribution Deals",12,12,3,"15963"
19,"spotify:track:1sYjOirECizcC30XWxmESF","Giorgos Mazonakis","Kalos Sas Vrika","Heaven Music",9,13,11,"15858"
20,"spotify:track:7h1NvRW2thbYlh0esXXORO","Light, Arab","Baila","Minos - EMI SA Distribution Deals",4,19,15,"15713"
21,"spotify:track:2tNtc5xcZiQhGiy8dZBUzI","Giorgos Mazonakis, Foivos","San Imouna Paidi","Heaven Music",13,24,5,"15315"
22,"spotify:track:3a6AfLaxOJB6hb6ev0fJpm","Giorgos Mazonakis","Terma","Heaven Music",12,17,5,"15132"
23,"spotify:track:0ZDl7l9iD4fidIBIkjQrl9","Katerina Lioliou","Pagkosmia Mera Tou Psefti","Panik Platinum",1,21,5,"14833"
24,"spotify:track:1Dw8iGfsiO1GhA3zMmLrkA","RACK, MENJU, Oge","PALOMA","Barcode Entertainment",1,26,18,"14618"
25,"spotify:track:1fVMxUXpzDQCBxmdn0GClq","TOQUEL, LILA, Beyond","POIOS NA SOU TO PEI","Minos - EMI SA Distribution Deals",1,34,30,"13808"
26,"spotify:track:49OvjhB5rxkF7KzfTEk9ri","Giorgos Mazonakis","maZW Akoma (Ola Mou Ta Thelo)","Minos - EMI SA",18,23,5,"13655"
27,"spotify:track:6Dit1erL7lMDu8Y2E8aUnR","Giorgos Mazonakis","Dianikterevo","Minos - EMI SA",16,28,38,"13532"
28,"spotify:track:3WHP5PEzWjuZXoR8LK1eZi","Giorgos Mazonakis","To Paraxeno Me Mena","Heaven Music",19,20,4,"13230"
29,"spotify:track:2Pfy1OZP2yuCTzkKAxSbeS","DIFF, Spize","BACK","Black Phone Entertainment",29,-1,1,"13166"
30,"spotify:track:7miJgzcdCPfS7OZTx4LIPX","Giorgos Mazonakis","Stigmes Pou De S'eho (Duvar)","Heaven Music",27,27,4,"12963"
31,"spotify:track:5XM5BN2S3HLTaK4wvC7RZe","SNIK, Trannos","KLEIDIA","Minos - EMI SA Distribution Deals",1,29,16,"12940"
32,"spotify:track:3pm4f3A7SUyBllj2LvvGZ2","Giorgos Mazonakis","Mou Leipeis","Sony Music Entertainment Greece",22,36,4,"12649"
33,"spotify:track:2fRrLeMXfMqmoHBTTXNJsX","Giorgos Mazonakis","Ela Na Deis","Heaven Music",25,30,4,"12236"
34,"spotify:track:2coEFYixErCzfLBZlJgkvC","Giorgos Mazonakis","Tosa Vradia","Minos - EMI SA",23,32,5,"12116"
35,"spotify:track:4lCRX28Mg4THeZ70wyqi2U","Giorgos Mazonakis","To Gucci Forema","Heaven Music",29,33,5,"11983"
36,"spotify:track:2lPnrDuvJUaMObjsISbGLz","Light, Noizy","Adam & Eve","Minos - EMI SA Distribution Deals",2,37,17,"11936"
37,"spotify:track:7H1UWowk8Dd2DLu0oAQEX1","TOQUEL, Beyond","KAMIA","Minos - EMI SA Distribution Deals",23,46,14,"11535"
38,"spotify:track:63mi2Pc1CeDGjNWUn7Rn1h","TOQUEL, RACK, Beyond","MORE PUTA","Minos - EMI SA Distribution Deals",13,38,14,"11456"
39,"spotify:track:5h9COSkzE50NuqfLlYOaWg","TOQUEL","VACE ZELA","Minos - EMI SA Distribution Deals",9,35,14,"11325"
40,"spotify:track:6dvpB2MjuzciJGECODPQdP","Giorgos Mazonakis","Epiptoseis","Panik Records Under Exclusive License From Giorgos Mazonakis",21,31,4,"11222"
41,"spotify:track:70cHKK8bHAfJrOGVnfRG9J","ADÉLA","Nicole Kidman","Capitol Records",41,51,4,"11071"
42,"spotify:track:0kosUz0jePvjiz4ctmR6wL","Shakira, Burna Boy","Dai Dai","Sony Music Latin",1,40,20,"10568"
43,"spotify:track:0yOqiWYx9xb1DY4cRrzPX9","Strat, Arab, Trannos, BeTaf Beats","TETTEH","Black Phone Entertainment",4,45,12,"10255"
44,"spotify:track:02taeXGFYC32WRWZrbRwPX","Giorgos Mazonakis","An M' Akous","Minos - EMI SA",41,52,4,"10198"
45,"spotify:track:0cQVqPuHQP4KEwc7ZUQmj6","The Neighbourhood","Sweater Weather","Columbia",20,71,314,"10170"
46,"spotify:track:70sZnMz3WKjRW1KiiLElqG","TOQUEL, FLY LO, Beyond","€€€","Minos - EMI SA Distribution Deals",2,47,30,"9976"
47,"spotify:track:4qW3BbQAwZsrnu8a3ZRdyT","Temper City","Self Aware","Temper City under exclusive license to Thirty Knots",21,54,25,"9925"
48,"spotify:track:10e5QpjQtt9156Ie76zGg1","Pantelis Pantelidis","Pame Stihima Tha Xanarthis","Minos - EMI SA",24,49,65,"9833"
49,"spotify:track:3oTuTpF1F3A7rEC6RKsMRz","Dave, Tems","Raindance (feat. Tems)","Neighbourhood",2,66,50,"9669"
50,"spotify:track:7kBrXPkGGmQMDmnz7Bi1Yh","TOQUEL, Beyond","KAKOS GIA SENA","Minos - EMI SA Distribution Deals",8,63,30,"9602"
51,"spotify:track:1m79Th6iG6CQDEym2EZFOo","FLY LO, Trannos, BLVD","BANANA","Minos - EMI SA Distribution Deals",8,44,24,"9471"
52,"spotify:track:7ujApz6iFP3PmKIDGcaGbe","SIENNA SPIRO","Great Expectation","Capitol Records",52,76,9,"9434"
53,"spotify:track:0Vcss0GZ1rbNI7QQPfXeg4","HUGEL, SOLTO (FR)","Jamaican (Bam Bam)","Make The Girls Dance Records",5,43,33,"9434"
54,"spotify:track:6wNjJ10ZAdbyp5LzhOPsEh","SNIK, Trannos, Fy","LETE LETE","Minos - EMI SA Distribution Deals",1,53,45,"9418"
55,"spotify:track:5AkFj1SDc22DKJoHADNsnS","Pantelis Pantelidis","Lioma Se Gremo","Minos - EMI SA",36,48,45,"9317"
56,"spotify:track:0Gppi7bYjmxwovvnqRKc1n","Giorgos Sabanis","Pros To Paron","Panik Records",30,68,45,"9244"
57,"spotify:track:6ZUKDMX0eeDlM5Hu0ELYal","Notis Sfakianakis","Dose Ena Telos","Sony Music Entertainment Greece",57,57,58,"9144"
58,"spotify:track:1ibvHjnMqZZmayckoA4W5Y","Thodoris Ferris","Eipes","Panik Platinum",12,62,44,"9052"
59,"spotify:track:2009X8GyWTqyxIdzAEYW6N","Katy Perry","The One That Got Away","Capitol Records",26,55,26,"9015"
60,"spotify:track:7w3CkiZG4r01ZZgHjTPYZY","Ioulia Kallimani, Michael Touratzidis","Sta Kalitera Pou Elkontai - Agapate Katallilous","Michalis Touratzidis/Heaven Music",7,39,15,"8912"
61,"spotify:track:4SP5sNmfpJP5oV2LrqzE6A","Stavento, Alexandra","Anadromika","Minos - EMI SA",17,72,31,"8874"
62,"spotify:track:7bxaFZ1O3cHkgLKMsdC3xR","Tame Impala","Loser","Columbia",19,73,10,"8774"
63,"spotify:track:6QFCMUUq1T2Vf5sFUXcuQ7","Justin Bieber, Nicki Minaj","Beauty And A Beat","RBMG/Def Jam",1,64,26,"8762"
64,"spotify:track:5pq1eF1UTIXzUHjDVbv32f","Saske, Eleni Foureira","PARAPANO","OffBeat Records",50,88,8,"8744"
65,"spotify:track:6U9VpmP3dEinuezxCJ2Zg9","ADÉLA","Ain't In LA","Capitol Records",65,69,8,"8674"
66,"spotify:track:6qShG16XTy1emd18WVPZlh","Katerina Lioliou","Logariasmos","Panik Platinum",1,82,38,"8624"
67,"spotify:track:4vDGDJmyvY16A26gGCVONY","Anna Vissi","Treno","Columbia",67,80,2,"8467"
68,"spotify:track:4Th553MRrooLiOrQTXOPii","Giorgos Mazonakis","Pote, Pote","Heaven Music",68,79,3,"8442"
69,"spotify:track:2xql0pid3EUwW38AsywxhV","The Neighbourhood","Reflections","Columbia",69,120,2,"8349"
70,"spotify:track:6bz2oDXZjkyCYki5GnIz5O","Giorgos Sabanis","De M' Agapouses","Panik Records",35,67,22,"8340"
71,"spotify:track:7xgPlfxmOPSY8oGwgO8qty","Dimitris Mitropanos, Lakis Papadopoulos","Gia Na S' Ekdikitho","UME - Global Clearing House",27,41,90,"8324"
72,"spotify:track:5nPbKG04fhLkIAjcPFaZq7","HUGEL, Topic, Arash, Daecolm","I Adore You (feat. Daecolm)","Intercord",3,97,116,"8292"
73,"spotify:track:3VafqbZuWdp6W7UribBHyb","TOQUEL, Saske, Beyond","XIMEROMA","Minos - EMI SA Distribution Deals",12,84,14,"8261"
74,"spotify:track:3wXwptbzcV60VOzQz0ODG4","Pantelis Pantelidis","Isos Isoun Kiria","Minos - EMI SA",1,56,58,"8214"
75,"spotify:track:2EOKP4SK1djrtApbcXUCWb","Giorgos Mazonakis","San Duo Stagones Vroxis","Heaven Music",39,58,4,"8211"
76,"spotify:track:55pBIZO1cqoldeqpp5WR7H","Olivia Rodrigo","the cure","Olivia Rodrigo PS",25,83,20,"8154"
77,"spotify:track:11hcBLPtbMp4aQI6zGQLub","Taylor Swift","Patient Zero","Taylor Swift",42,42,2,"7905"
78,"spotify:track:1sSzheA84YsVvUABSflF96","Notis Sfakianakis","Dinei Ta Filia","Sony Music Entertainment Greece",74,74,14,"7902"
79,"spotify:track:5b5cPscqVEMChvDqscVw26","Dua Lipa","Training Season","Warner Records",24,70,36,"7891"
80,"spotify:track:43wgyQXc2M9KmTDUqVzugM","MiyaGi & Endspiel, Rem Digga","I Got Love","Hajime Records",80,94,14,"7796"
81,"spotify:track:0EKJGumFSnKoznDMkOMzNP","Anna Vissi","Lekes","Panik Records, by Yellowcake Music Group",45,77,46,"7783"
82,"spotify:track:5eCJ5HaM9eIEq91VjwoMrH","Notis Sfakianakis","Pare Me","Minos - EMI SA",82,100,10,"7698"
83,"spotify:track:4uLodgH5AnP3mgXMyZHPDO","Light","omw","Minos - EMI SA Distribution Deals",7,87,15,"7568"
84,"spotify:track:05vT4vR55Z3ToRQJf3KYCn","Giorgos Mazonakis","Fevgo Gia Mena","Sony Music Entertainment Greece",36,50,4,"7568"
85,"spotify:track:4KQfEZZD0TWWKFtC00JStq","DIFF, Merko, Sanko, Spize","YU","Black Phone Entertainment",85,-1,1,"7516"
86,"spotify:track:4TU3Qy1wzf4wqPxy6IAjGW","Dimitris Mitropanos","Svise To Fegari","EMI Greece",76,102,29,"7491"
87,"spotify:track:41wXzitv9hxD3yRnTF9oRd","Giorgos Mazonakis","Mi Mou Les Na Zo Me Anamnisis","Heaven Music",35,59,4,"7476"
88,"spotify:track:1yqy8LNCCApLfiUUVysmBf","Dimitris Mitropanos","I Agapi Sou Ti Nihta","EMI Greece",60,60,8,"7464"
89,"spotify:track:3h5T5JypYU7huFiVYhv1dr","KAROL G, Judeline, rusowsky","BbY WOW","Bichota/Interscope Records",89,131,2,"7435"
90,"spotify:track:7sGcslSZGKZeO6c4BJ50rk","Notis Sfakianakis","Genethlia","Sony Music Entertainment Greece",90,91,10,"7399"
91,"spotify:track:4cevw8iIIMDXzI0XIEnCpv","LEX, Dof Twogee","Alitiki Agapi","Lex",1,96,98,"7315"
92,"spotify:track:4MNXP9RbzehazE3ZwyWrKJ","SNIK, Trannos","GEN Z","Minos - EMI SA Distribution Deals",4,86,16,"7278"
93,"spotify:track:4vTsKN15Kqo3Geo9r7FhAN","HUGEL, Imael Angel, Ultra Naté","Movin' To The Sun","Make The Girls Dance Records",12,61,19,"7208"
94,"spotify:track:7wAKRaJox5WTNsAGpNGXmP","Giorgos Mazonakis","Ela Piso Sti Thesi Sou","Heaven Music",38,95,4,"7202"
95,"spotify:track:5i4X9HhGjrR0QgC6shWKfn","Giorgos Mazonakis","Sopa Ki Akou","Minos - EMI SA",52,103,4,"7181"
96,"spotify:track:6U6aKOxwETZ38VVyt4JZLu","Pantelis Pantelidis","Paramithiazome","Minos - EMI SA",21,75,44,"7132"
97,"spotify:track:2nTriIzupJdEhuP2oVMKG3","Giorgos Mazonakis","Ston Erota Paranois","Heaven Music",45,98,4,"7132"
98,"spotify:track:7gWmPWBqxDqAwDP5p4eOKI","Giorgos Mazonakis","Opos Tha Fevgis","Minos - EMI SA",69,81,4,"7085"
99,"spotify:track:2lv40gMcnHgMTYnyBX1mL9","SIDARTA, RACK","AMAZING - Remix","Roton Music",7,104,34,"7015"
100,"spotify:track:1Ao9QXmacFq2T3mUmfbmj9","Giorgos Mazonakis","Trelos","Heaven Music",47,85,4,"6922"
101,"spotify:track:5FNhgpRoW81sQ6mO4oMlKf","DoubleN, VANDAL","THELEI","YGS Outlaw",23,90,8,"6885"
102,"spotify:track:7yzcbzhDUt0MACVK6uEz6f","JOJO, Saske, Oge","Xeno Nisi","Jojowakeup",53,152,7,"6866"
103,"spotify:track:7MXVkk9YMctZqd1Srtv4MB","The Weeknd, Daft Punk","Starboy","The Weeknd/Lyric",1,148,234,"6838"
104,"spotify:track:3zOYmiNOuyDL0ClxJcEJ0T","Ashe","Stop The Wedding!","Atlantic Records",104,-1,1,"6836"
105,"spotify:track:3pp70iNV0LptCA6kiaSMgd","Nikos Oikonomopoulos","Enoho Kormi","Heaven Music",45,115,14,"6781"
106,"spotify:track:7fjXdCjbcpxRxCbTJHEiOi","Anna Vissi","Aigaio","Vission Music",5,78,20,"6755"
107,"spotify:track:5qwmXRN4NoguBUOZ7JmmYk","Dimitris Mitropanos","Erotas Archagelos","Minos - EMI SA",88,99,31,"6714"
108,"spotify:track:0COqiPhxzoWICwFCS4eZcp","Evanescence","Bring Me To Life","The Bicycle Music Company",107,143,56,"6691"
109,"spotify:track:2HxQy2utAbJHfS5xBXBvsD","Light","Idi Amin","Minos - EMI SA Distribution Deals",14,130,15,"6670"
110,"spotify:track:5eXyQ14v1MmHQq58DEA8r6","Giorgos Sabanis, Nikos Makropoulos","Xartines Agapes","Panik Records",110,-1,1,"6637"
111,"spotify:track:6IJuO80Va9Vi7h1STTX87k","Sadam, Dof Twogee","Hallelujah","Minos - EMI SA Distribution Deals",14,107,18,"6626"
112,"spotify:track:49j6SvuvWfbEKZKzsHCdLJ","Olivia Rodrigo","stupid song","Olivia Rodrigo PS",18,121,17,"6623"
113,"spotify:track:16mFMQBhGTOhcvP8ObXWuX","Saske","OI KAIROI ALLAZOUNE","OffBeat Records",10,109,8,"6602"
114,"spotify:track:6c2ZcdXHkEFdsNArdJXrHX","DJ Goja, Jason Derulo, Melody","Mi Chico - Official - Jason Derulo x Melody","gamma.",114,142,3,"6583"
115,"spotify:track:5qqabIl2vWzo9ApSC317sa","Oasis","Wonderwall - Remastered","Big Brother",26,110,57,"6568"
116,"spotify:track:1Jo0Zg7XlrA6z0mFTZVdkn","Rihanna","Don't Stop The Music","Def Jam Recordings",52,134,46,"6548"
117,"spotify:track:1mKXFLRA179hdOWQBwUk9e","P!nk, Nate Ruess","Just Give Me a Reason (feat. Nate Ruess)","RCA Records Label",117,133,3,"6543"
118,"spotify:track:7yNf9YjeO5JXUE3JEBgnYc","Dominic Fike","Babydoll","Columbia",7,136,35,"6539"
119,"spotify:track:3aMmyk82Hs36APmNoEM0ZJ","Mad Clip","Sinthikes","Mad Clip",55,117,25,"6505"
120,"spotify:track:2Cz6VaFcE8JDGdoOyJCnN0","Notis Sfakianakis","Thelo Na Se Xanado","Minos - EMI SA",78,144,13,"6490"
121,"spotify:track:0oguLG6sMAtzEEzdZU8MoS","Ivan Greko","KONTAKIES","Sony Music Entertainment Greece",45,65,4,"6489"
122,"spotify:track:7J1uxwnxfQLu4APicE5Rnj","Michael Jackson","Billie Jean","Epic",5,123,35,"6410"
123,"spotify:track:5htKJSes6gBPOvXoBqaBeD","Pantelis Pantelidis","Ginete","Minos - EMI SA",77,106,37,"6362"
124,"spotify:track:3QGsuHI8jO1Rx4JWLUh9jd","Shawn Mendes","Treat You Better","Island Records",27,111,47,"6338"
125,"spotify:track:5D1SYh6YUCXe4iBc3W8KeQ","Dimitris Mitropanos","Apopse Tha 'Thela","EMI Greece",96,101,8,"6327"
126,"spotify:track:7so0lgd0zP2Sbgs2d7a1SZ","Lady Gaga, Bruno Mars","Die With A Smile","Interscope Records",1,155,112,"6322"
127,"spotify:track:3zEN0ii6s4DHHBpnTp3RP7","Empire Of The Sun","We Are The People","EMI Recorded Music Australia Pty Ltd",40,-1,82,"6311"
128,"spotify:track:6R2utRyFhiEBnyz6afQ9Pe","TOQUEL, FLY LO, Beyond","ILEGAL","Minos - EMI SA Distribution Deals",4,164,90,"6297"
129,"spotify:track:0eAuGrXyGFYwur9ARUe7LJ","Malcolm Todd","Earrings","Columbia",74,112,22,"6267"
130,"spotify:track:1N2nsQjWX4Jg3rrZDZLnbS","Nikos Makropoulos","Ti Kaname...","WM Italy",7,189,47,"6252"
131,"spotify:track:3olMbhB6NEScttDGk7yj2h","Ivi Adamou, Giorgos Mazonakis","Fotia Mou","Panik Records, by Yellowcake Music Group",94,139,4,"6218"
132,"spotify:track:0gucTLf7trAf37Ua1uAyAu","Nirvana","Smells Like Teen Spirit - Remastered","Geffen",103,187,91,"6214"
133,"spotify:track:6tPJmvHpENCJTsp6zA13vT","RACK, FLY LO, Beyond","MIA","Barcode Entertainment",20,132,11,"6209"
134,"spotify:track:7qjZnBKE73H4Oxkopwulqe","sombr","back to friends","Warner Records",15,150,80,"6165"
135,"spotify:track:5FVd6KXrgO9B3JPmC8OPst","Arctic Monkeys","Do I Wanna Know?","Domino Recording Co",37,170,176,"6164"
136,"spotify:track:4WFgvKVfEhb3IUAFGrutTR","Ravyn Lenae","Love Me Not","Atlantic Records",27,113,74,"6153"
137,"spotify:track:003vvx7Niy0yvhvHt4a68B","The Killers","Mr. Brightside","Island Records",96,147,15,"6151"
138,"spotify:track:5RquJn4F0DjTTzroC5pQRY","LEX, Dof Twogee","Xeiroteri Genia","Lex",3,141,96,"6094"
139,"spotify:track:6Qyc6fS4DsZjB2mRW9DsQs","The Goo Goo Dolls","Iris","Warner Records",74,125,82,"6091"
140,"spotify:track:3EK0uoI0u6ZvH7WNgz2jU9","Giorgos Mazonakis","Ti Sou Eho Kanei","Heaven Music",32,122,5,"6053"
141,"spotify:track:4LSgjA6nzvd4u5bCgyIBN4","APON","Kantada","Panik Records",33,93,20,"6051"
142,"spotify:track:7xOVRRVHox28CtPcjicxtI","Pantelis Pantelidis","Skoupise Ta Podia Sou Ke Perase","Minos - EMI SA",123,192,13,"6043"
143,"spotify:track:11Armj1pAkue0iBdNbNRWp","TOQUEL, BoyPanda","ANASA","Minos - EMI SA Distribution Deals",43,128,12,"6035"
144,"spotify:track:6TMlv6rPQCsjrBSa1mCfEe","Rafa, RICTA, mi368","Bijo Bijo","City Center",105,105,3,"6022"
145,"spotify:track:5lPj87L3JtlqZuSfzf0ccN","Aleka Kanellidou, Dimitris Mitropanos","Didima Feggaria","Minos - EMI SA",79,157,51,"6001"
146,"spotify:track:2CxWX72gXpbwdpkPmrNlSN","Giorgos Mazonakis","Paliopaido Tha Gino","Sony Music Entertainment Greece",59,108,4,"5998"
147,"spotify:track:3lS1r65AbkPdljhDrRQEyV","Bloody Hawk, TOQUEL","Aeroplana","Minos - EMI SA Distribution Deals",1,146,69,"5966"
148,"spotify:track:2vMgIXnI6F4VUQUm8f8P3k","Valadis","S' Ena Hartaki Egrapsa","Minos - EMI SA",121,-1,2,"5940"
149,"spotify:track:6dtyadGM92nV4MhbNFCq8W","Ioulia Kallimani, Michael Touratzidis","Anexartiti","Michalis Touratzidis/Heaven Music",34,145,81,"5906"
150,"spotify:track:7LcDQteDfeBTna2atPjW9V","Notis Sfakianakis","Kardasis","EMI",79,182,13,"5898"
151,"spotify:track:1JSTJqkT5qHq8MDJnJbRE1","The Police","Every Breath You Take","Polydor Records",28,153,93,"5891"
152,"spotify:track:64CDnJJmjRsMccthpSFuxH","Dimitris Mitropanos","S' Anazito Sti Saloniki","Minos - EMI SA",106,154,26,"5873"
153,"spotify:track:1oXOdMfLBBEx3TMQ4lI3r1","Giorgos Mazonakis","Emena Pes Mou Poios","Heaven Music",53,89,4,"5859"
154,"spotify:track:6f765BWFxBI2O4y47yReMQ","Giorgos Mazonakis","Exo Perasei Kai Xeirotera","Heaven Music",85,162,4,"5829"
155,"spotify:track:6D5QFkJLHYuv5f7hvslZxz","RACK, TOQUEL, Beyond","MA BELLA","Barcode Entertainment",1,198,121,"5823"
156,"spotify:track:1pgHTgifpQN35pO1dWhJ9W","Giorgos Mazonakis, APON","Paidi Tis Nixtas","Panik Records, by Yellowcake Music Group",48,165,12,"5806"
157,"spotify:track:3Q3e0KMeCinQONCLJyO69X","TOQUEL, FLY LO, Beyond","MOU ZITAS","Minos - EMI SA Distribution Deals",7,-1,79,"5779"
158,"spotify:track:3ouNEk0tv5TTi8VWMe1xbX","KATSEYE","Animal","HYBE/Geffen",31,149,11,"5779"
159,"spotify:track:1zi7xx7UVEFkmKfv06H8x0","Drake, Wizkid, Kyla","One Dance","Cash Money Records/Young Money Ent./Universal Rec.",10,169,167,"5761"
160,"spotify:track:73KYTCSbVlj5E02qWj8DPF","TOQUEL","Sandra","Minos - EMI SA Distribution Deals",13,174,125,"5743"
161,"spotify:track:3iy2QuCtCzpWnR6tia39AB","Ariana Grande","hate that i made you love me","Republic Records",25,160,18,"5728"
162,"spotify:track:1qbmS6ep2hbBRaEZFpn7BX","Olivia Dean","Man I Need","PLG - Capitol",44,-1,51,"5708"
163,"spotify:track:1sCNYoZCx21sDopv2SIzMs","Katerina Lioliou","I Gineka Tis Zois Sou","Panik Records, by Yellowcake Music Group",58,-1,40,"5703"
164,"spotify:track:0eUP3XYOCAj7lGoz4LOhyQ","ANOTR, 54 Ultra","Talk To You (ft. 54 Ultra)","No Art",24,167,23,"5702"
165,"spotify:track:7eKR6JDJZXyyNtVBcanxj3","Pantelis Pantelidis","Den Teriazete Sou Leo","Minos - EMI SA",89,129,34,"5696"
166,"spotify:track:6O6BeINgErk1npYxPsmPAm","Notis Sfakianakis","Na Xanartheis","Minos - EMI SA",137,137,2,"5688"
167,"spotify:track:7CyPwkp0oE8Ro9Dd5CUDjW","The Weeknd, JENNIE, Lily-Rose Depp","One Of The Girls (with JENNIE, Lily Rose Depp)","XO / Republic Records",13,193,146,"5675"
168,"spotify:track:0szmijpnvC2vy9fZtET0Fd","Giorgos Mazonakis","Zilevo","Sony Music Entertainment Greece",34,126,5,"5662"
169,"spotify:track:31AOj9sFz2gM0O3hMARRBx","R.E.M.","Losing My Religion","Concord Records",130,-1,9,"5630"
170,"spotify:track:3qhlB30KknSejmIvZZLjOD","Djo","End of Beginning","Djo",3,195,87,"5624"
171,"spotify:track:2RkZ5LkEzeHGRsmDqKwmaJ","Alex Warren","Ordinary","Atlantic Records",6,175,80,"5606"
172,"spotify:track:6vAZ49VeVb8fQuSenKUBH2","Bloody Hawk, TOQUEL","Pano","Minos - EMI SA Distribution Deals",9,-1,121,"5600"
173,"spotify:track:60a0Rd6pjrkxjPbaKzXjfq","Linkin Park","In the End","Warner Records",21,-1,196,"5575"
174,"spotify:track:5XoBIF0Y6zaHjMnf2aZsMh","Bloody Hawk, LEX","Antigonidon","Minos - EMI SA Distribution Deals",1,185,62,"5574"
175,"spotify:track:60gmGjgh248Elj8xTMdJsA","Amy Winehouse","Back To Black","Universal-Island Records Ltd.",100,-1,80,"5571"
176,"spotify:track:3C0nOe05EIt1390bVABLyN","Jennifer Lopez, Pitbull","On The Floor","Nuyorican Productions / IDJ",19,190,20,"5563"
177,"spotify:track:2y42xAsl6dfMeVXQgOYsUw","Chris Isaak","Wicked Game","Chris Isaak",130,161,21,"5560"
178,"spotify:track:0ABIJTZCkBwlGe5noJq1QI","Notis Sfakianakis","Kamia","Panik Platinum",24,158,42,"5558"
179,"spotify:track:2kup7Vb69ZSBd37Oa9p1ou","Despina Vandi, Giorgos Mazonakis, Foivos","Amane","Heaven Music",81,116,4,"5534"
180,"spotify:track:1BJJbSX6muJVF2AK7uH1x4","Adam Port, Stryv, Keinemusik, Orso, Malachiii","Move","Keinemusik",1,180,114,"5515"
181,"spotify:track:6q7CuZjtfJPs01qxugUbzn","Thodoris Ferris","Skoteine Mou Erota","Panik Records, by Yellowcake Music Group",81,-1,37,"5511"
182,"spotify:track:514joG57v4yKTsfQmz7stz","Drake","Janice STFU","OVO/Republic",8,-1,19,"5504"
183,"spotify:track:2ENexcMEMsYk0rVJigVD3i","Rihanna","Only Girl (In The World)","Def Jam Recordings",103,-1,20,"5477"
184,"spotify:track:2uh88Sbc5kFNV8p2cfrFsP","Dimitris Mitropanos","Roza","Minos - EMI SA",140,140,15,"5470"
185,"spotify:track:484mTE7ETTJk74VKjTTI5f","Light","Primo","Capital Music by Yellowcake Music Group",7,159,79,"5461"
186,"spotify:track:0pOZYYEJawmTAPtkzYKSa2","Katy Perry","Legendary Lovers","Capitol Records (CAP)",138,176,9,"5458"
187,"spotify:track:7uQ9eH88v18BAlugjw5TtK","Anna Vissi","Oxi Giati","Vission Music",118,118,3,"5441"
188,"spotify:track:53iuhJlwXhSER5J2IYYv1W","Taylor Swift","The Fate of Ophelia","Taylor Swift",2,119,51,"5435"
189,"spotify:track:2K7xn816oNHJZ0aVqdQsha","The Neighbourhood","Softcore","Columbia",37,-1,37,"5419"
190,"spotify:track:2lpygKqzPFtItQ4ss3cgfb","Mac Miller, Ty Dolla $ign","Cinderella (feat. Ty Dolla $ign)","Warner Records",100,166,16,"5404"
191,"spotify:track:2oWFJJW9d1bIra3zHjR6GO","Alyssa Grace","bloodstream","Artist House",183,199,3,"5395"
192,"spotify:track:21IYMdzTrzSe191Cy5eMap","Gigi Perez","Sailor Song","Outtahere, LLC / Island Records",26,-1,76,"5368"
193,"spotify:track:4TfTgivfM3bsm58nS1zWwh","Harry Varthakouris","Vradia Aximerota","MINOS",193,-1,1,"5354"
194,"spotify:track:2wGSgTmgSF3xjRrHkTc25R","The Game, 50 Cent","Hate It Or Love It","Geffen",141,-1,17,"5349"
195,"spotify:track:06yhYC3DfAAlnNc1jYj9td","SNIK, FLY LO","YING YANG","Minos - EMI SA Distribution Deals",8,127,27,"5337"
196,"spotify:track:6jSdAwHzMcksbxfBiBlAhE","Vasilis Karras, Konstantina","To Dilitirio","Minos - EMI SA",196,-1,1,"5332"
197,"spotify:track:7ySUcLPVX7KudhnmNcgY2D","Rihanna","S&M","Def Jam Recordings",89,168,28,"5328"
198,"spotify:track:0cnpV9ZeSywomrr1UWhhMp","Giorgos Mazonakis","Se Eho Kanei Theo - Live","Heaven Music",46,124,4,"5292"
199,"spotify:track:1jyQxA6zPs3GGASupg97nY","Dimitris Mitropanos","Thes","EMI Greece",153,186,6,"5283"
200,"spotify:track:6C0qHv4iBCRnoykOLAaDGb","Saske","TAN LINES","OffBeat Records",69,-1,5,"5282"
